{
    "data":[
        {
            "title": "DJI Mavic 3 Fly More Combo Drone Quadcopter",
            "subtitle": "DJI Official eBay Outlet Store, DJI Warranty Included",
            "link": "https://www.ebay.com/itm/304219313914?epid=21050639862&_trkparms=ispr%3D5&hash=item46d4e256fa:g:m~cAAOSwKbphiukb&amdata=enc%3AAQAGAAAAwKXkJddsV75Ja9xG3ZBLRD%2BqPQNicF%2BVCXo64DeNJ6AWPeanW7NlWXv8xsaAJ21ZROcfvMd%2FVoI4oG5c%2BS7fNGfg8Vw%2F6sbGTPbshpx%2BXeVRpMm3grGuBHBzewnS7kBB68EUJweZHoQMeSWbdTa%2FMOrdIEsVC509TA51o9sD1JKDMDB6AoJo2jd6tYH00VlUpD27vxjAU5bsp7%2BwfRTM3FaA5Rq3FY31yW668rASjhiicKHZ7XeIlNwBzCH2OgfMrg%3D%3D%7Ctkp%3ABlBMUK6xjYuRYA",
            "condition": "Brand New",
            "reviews": 1,
            "price": {
            "raw": "$2,849.00",
            "extracted": 2849
            },
            "shipping": "Free shipping",
            "top_rated": true,
            "returns": "Free returns",
            "extensions": [
            "Buy It Now",
            "140 watchers"
            ],
            "thumbnail": "https://i.ebayimg.com/thumbs/images/g/m~cAAOSwKbphiukb/s-l225.jpg"
            },
            {
            "title": "2021 New RC Drone 4k HD Wide Angle Camera WIFI FPV Drone Dual Camera Quadcopter1",
            "subtitle": "✅1 Days Shipping✅✅3D Flip✅Delivery within 7-12 days✅",
            "link": "https://www.ebay.com/itm/294030745192?epid=2315677478&_trkparms=ispr%3D1&hash=item4475991e68:g:W9AAAOSwlztgMgx5&amdata=enc%3AAQAGAAAA4K689aaP90prSd5EJe7HiKjWwQC9%2BejVMwFxC8PP75%2BItM4qMSp9KCwPHMkAcibB2PGQaCNWFoc0HDc4G8yHcJe1UpuuudNQpCuGLAkDRviFuWst1xVV6poV52nnbg9V3BfY5A%2FtMa%2FICcGqHmCRF5UjZcbLkkPzgib5Yj7DGg%2BWMZ2ZF3BXpaHo2A5rYkAtB%2B1%2FHkFL8hEAOOqcYbYleNQHyY%2F%2F1GK3fl0HGKCTg%2Br2gtbI3GVPXRvmHEAl7eH6wg7Kt5wo9wr%2B%2FYPrRQYSZpaAioinAsk5qg8GA7lUytxV%7Ctkp%3ABFBMrrGNi5Fg",
            "condition": "Brand New",
            "reviews": 139,
            "price": {
            "raw": "$36.99",
            "extracted": 36.99
            },
            "shipping": "Free shipping",
            "returns": "Free returns",
            "extensions": [
            "Buy It Now"
            ],
            "thumbnail": "https://i.ebayimg.com/thumbs/images/g/W9AAAOSwlztgMgx5/s-l225.jpg"
            },
            {
            "title": "FPV Wifi RC Drone Wide Angle HD 4K Camera Foldable Quadcopter Selfie + 3 Battery",
            "link": "https://www.ebay.com/itm/184648199304?_trkparms=ispr%3D1&hash=item2afde3ec88:g:rPUAAOSwYk1h3lCm&amdata=enc%3AAQAGAAAA4BUo9gihYViq2mbavvaEBZSNBLUBpGVB3FMvAIT2d7BqIfSfg0gh%2FeiEm%2BYw%2Bz8Pg5hMBl97qsWtcmKvzJwZ8ub70jMwErT03utgDRzhfP78e%2BAD3D1QYc4cP5TgBxp7XaFNKGtZoTJI00yHHFH97MnYr1iaFeHgcAeI5QVJY1kmU1xbA3F4taIaTEeqKsNweQH3k3Ut4iENPLHFrFlwtPbKJYmAOX3wWkjcKCbYT%2FJy2fB2XtBiWCicYxRveVIGYZxenEDst%2FFDd%2BYUoBxaOxqC1KLC4Bi4RnRly7tMDc1V%7Ctkp%3ABFBMrrGNi5Fg",
            "condition": "Brand New",
            "price": {
            "raw": "$59.99",
            "extracted": 59.99
            },
            "top_rated": true,
            "returns": "Free returns",
            "extensions": [
            "or Best Offer"
            ],
            "thumbnail": "https://i.ebayimg.com/thumbs/images/g/rPUAAOSwYk1h3lCm/s-l225.jpg"
            },
            {
            "title": "Cooligg FPV Wifi Drone With HD Camera Aircraft Foldable Quadcopter Selfie Toys",
            "link": "https://www.ebay.com/itm/202958392395?_trkparms=ispr%3D1&hash=item2f41434c4b:g:-gIAAOSwIVZhwoBI&amdata=enc%3AAQAGAAAA4IVJk%2Fg1rfEzFKqD1PZDrPxTBLt2GtRzEfdokPoAmOGK%2BZfK9vDpbvuyL4hRJ8%2FbTo6dv6peqk9PTtO1dKIpdekqRnaO1FS5v7q8VyAD5GbkclX1oEHfW7CuubYII%2F64msoyoOVCkFQHTXECemVE%2FOTdfBYxK%2F20UMHJVkRW2D8cyXPcNfeEhqeSiL7MNRuu4a4HSbsNlzTHNw%2B75QcZbqMDya9Jc0cMoFBN0x8VTfDbYarKJrTWmuyIcDg4c2P7Rxu3SN53EARbQ82nY2Q8kFy%2BWd%2Bp%2B%2F8wuaNfedOGwV72%7Ctkp%3ABFBMrrGNi5Fg",
            "condition": "Brand New",
            "price": {
            "raw": "$49.99",
            "extracted": 49.99
            },
            "top_rated": true,
            "returns": "Free returns",
            "extensions": [
            "or Best Offer"
            ],
            "thumbnail": "https://i.ebayimg.com/thumbs/images/g/-gIAAOSwIVZhwoBI/s-l225.jpg"
            },
            {
            "title": "DJI Mini 2 Camera Drone | 4K Video , 31 Minute Flight (DJI-Refurbished)",
            "subtitle": "Official DJI eBay Store | Certified Refurbished",
            "link": "https://www.ebay.com/itm/265237421800?epid=22042356907&hash=item3dc161dee8:g:YAQAAOSwNjlg94Tv",
            "condition": "Certified - Refurbished",
            "reviews": 119,
            "price": {
            "raw": "$379.00",
            "extracted": 379
            },
            "shipping": "Free shipping",
            "seller_store": {
            "link": "http://stores.ebay.com/djiofficialstore",
            "thumbnail": "http://i.ebayimg.com/00/z/qgMAAOSwFKlhQoXi/$_13.png"
            },
            "returns": "Free returns",
            "extensions": [
            "Buy It Now",
            "eBay Refurbished",
            "820 sold"
            ],
            "thumbnail": "https://i.ebayimg.com/thumbs/images/g/YAQAAOSwNjlg94Tv/s-l225.jpg"
            },
            {
            "title": "DJI Mini 2 Fly More Combo 4K Video , 31 Minute Flight (DJI-Refurbished)",
            "subtitle": "Official DJI eBay Store | Certified Refurbished",
            "link": "https://www.ebay.com/itm/265229466800?epid=20042386686&hash=item3dc0e87cb0:g:NBIAAOSwLFFg7e5Y",
            "condition": "Certified - Refurbished",
            "reviews": 281,
            "price": {
            "raw": "$449.00",
            "extracted": 449
            },
            "shipping": "Free shipping",
            "seller_store": {
            "link": "http://stores.ebay.com/djiofficialstore",
            "thumbnail": "http://i.ebayimg.com/00/z/qgMAAOSwFKlhQoXi/$_13.png"
            },
            "returns": "Free returns",
            "extensions": [
            "Buy It Now",
            "eBay Refurbished",
            "3,402 sold"
            ],
            "thumbnail": "https://i.ebayimg.com/thumbs/images/g/NBIAAOSwLFFg7e5Y/s-l225.jpg"
            },
            {
            "title": "DJI Mini SE Drone | 30 Minute Flight Time, 2.7K Camera",
            "subtitle": "Open Box - Resealed",
            "link": "https://www.ebay.com/itm/265545401080?hash=item3dd3bd42f8:g:qzkAAOSwC9piBt9g",
            "condition": "Open Box",
            "price": {
            "raw": "$279.00",
            "extracted": 279
            },
            "shipping": "Free shipping",
            "seller_store": {
            "link": "http://stores.ebay.com/djiofficialstore",
            "thumbnail": "http://i.ebayimg.com/00/z/qgMAAOSwFKlhQoXi/$_13.png"
            },
            "returns": "Free returns",
            "extensions": [
            "Buy It Now",
            "Direct from DJI",
            "241 sold"
            ],
            "thumbnail": "https://i.ebayimg.com/thumbs/images/g/qzkAAOSwC9piBt9g/s-l225.jpg"
            },
            {
            "title": "DJI Mavic Mini Portable Drone Quadcopter Pro Combo Bundle-Certified Refurbished",
            "subtitle": "DJI Official eBay Outlet Store",
            "link": "https://www.ebay.com/itm/304337083485?epid=25034998428&hash=item46dbe75c5d:g:pWAAAOSwp8Vh~EDq",
            "condition": "Certified - Refurbished",
            "reviews": 381,
            "price": {
            "raw": "$299.00",
            "extracted": 299
            },
            "shipping": "Free shipping",
            "top_rated": true,
            "returns": "Free returns",
            "extensions": [
            "Buy It Now",
            "eBay Refurbished",
            "119 sold"
            ],
            "thumbnail": "https://i.ebayimg.com/thumbs/images/g/pWAAAOSwp8Vh~EDq/s-l225.jpg"
            },
            {
            "title": "DJI Mini 2 Bundle with Extra New Battery (DJI-Refurbished)",
            "subtitle": "Official DJI eBay Store | Certified Refurbished",
            "link": "https://www.ebay.com/itm/265640985944?epid=26053564689&hash=item3dd96fc558:g:jV4AAOSwBAJiVbBj",
            "condition": "Certified - Refurbished",
            "price": {
            "raw": "$384.00",
            "extracted": 384
            },
            "shipping": "Free shipping",
            "seller_store": {
            "link": "http://stores.ebay.com/djiofficialstore",
            "thumbnail": "http://i.ebayimg.com/00/z/qgMAAOSwFKlhQoXi/$_13.png"
            },
            "returns": "Free returns",
            "extensions": [
            "Buy It Now",
            "eBay Refurbished",
            "173 sold"
            ],
            "thumbnail": "https://i.ebayimg.com/thumbs/images/g/jV4AAOSwBAJiVbBj/s-l225.jpg"
            },
            {
            "title": "Professional F3 Drones GPS 5G WiFi FPV 4K/1080P HD Wide Angle Camera Foldable US",
            "subtitle": "US Stock! Fast Shipping! Highest Quality! Best Service!",
            "link": "https://www.ebay.com/itm/143965235556?hash=item2184ff2964:g:TKwAAOSwDSBgPYps",
            "condition": "Brand New",
            "price": {
            "raw": "$128.17",
            "extracted": 128.17
            },
            "shipping": "Free shipping",
            "top_rated": true,
            "returns": "Free returns",
            "extensions": [
            "Buy It Now",
            "642 sold"
            ],
            "thumbnail": "https://i.ebayimg.com/thumbs/images/g/TKwAAOSwDSBgPYps/s-l225.jpg"
            },
            {
            "title": "Quad Air Drone 2021 V4 RC Drone 4k HD Wide Angle Dual Camera WIFI FPV Drone + 3B",
            "subtitle": "✅1 Days Shipping✅3 Battery✅3D Flip✅discount✅",
            "link": "https://www.ebay.com/itm/294582256450?hash=item4496788342:g:vwUAAOSwwINhOs-K",
            "condition": "Brand New",
            "price": {
            "raw": "$55.99",
            "extracted": 55.99
            },
            "shipping": "Free shipping",
            "returns": "Free returns",
            "extensions": [
            "Buy It Now"
            ],
            "thumbnail": "https://i.ebayimg.com/thumbs/images/g/vwUAAOSwwINhOs-K/s-l225.jpg"
            },
            {
            "title": "NEW DJI Mavic Mini 1 Replacement Drone Aircraft Camera Gimbal Only 4 Crash/Lost",
            "link": "https://www.ebay.com/itm/274228005690?hash=item3fd9434b3a:g:f6gAAOSwrGteLP91",
            "condition": "Brand New",
            "price": {
            "raw": "$215.00",
            "extracted": 215
            },
            "shipping": "Free shipping",
            "top_rated": true,
            "returns": "Free returns",
            "extensions": [
            "Buy It Now",
            "725 sold"
            ],
            "thumbnail": "https://i.ebayimg.com/thumbs/images/g/f6gAAOSwrGteLP91/s-l225.jpg"
            },
            {
            "title": "[Factory Refurbish] V4 2021 FPV Wifi Drone RC Quadcopter HD Camera Aircraft",
            "link": "https://www.ebay.com/itm/294449363417?epid=25051386172&hash=item448e8cb9d9:g:Zw4AAOSwpDJhYabV",
            "condition": "Refurbished",
            "reviews": 3,
            "price": {
            "raw": "$35.00",
            "extracted": 35
            },
            "shipping": "Free shipping",
            "returns": "Free returns",
            "extensions": [
            "Buy It Now"
            ],
            "thumbnail": "https://i.ebayimg.com/thumbs/images/g/Zw4AAOSwpDJhYabV/s-l225.jpg"
            },
            {
            "title": "Mini 4DRCV2 Drone Selfie WIFI FPV With HD Camera RC Quadcopter Toy Gift US",
            "subtitle": "✅1 Days Shipping✅3 Battery✅On sale✅Christmas gift✅",
            "link": "https://www.ebay.com/itm/293721032179?_trkparms=ispr%3D1&hash=item44632345f3:g:RuoAAOSwXORfUnEX&amdata=enc%3AAQAGAAAA4LAJXtUTEVCSImPyGEVOYwiI0BsIP6zdp9W6iAuPo%2FIVqnXhISF%2F7UvG8bCSeYCEJHMJi3rIx60UUfc%2FKTp1y96SJxbpxm%2FqAlJGweSH2PRbVeP2XNiaI%2BWhCXLvdoJH0p8aK5LZoe4Pj0OG%2BNHCMxLNtll3ruWbfej65X13RZhO%2FGxqt4jPwygbpL9M1eTpbxjLIusDicNRNz9eOhyDRmzrBBj28ppkvhQoV5p4P6Csojc4rkPkFjfpxaE7MIBqm8QOzVSO9i425ec0BeXL1KJWigWeb6d9knx8XXK3qMRK%7Ctkp%3ABFBMrrGNi5Fg",
            "condition": "Brand New",
            "price": {
            "raw": "$29.29",
            "extracted": 29.29
            },
            "shipping": "Free shipping",
            "returns": "Free returns",
            "extensions": [
            "Buy It Now"
            ],
            "thumbnail": "https://i.ebayimg.com/thumbs/images/g/RuoAAOSwXORfUnEX/s-l225.jpg"
            },
            {
            "title": "Holy Stone HS720 4K GPS Drone with HD Camera Brushless Quadcopter 2 Battery US",
            "link": "https://www.ebay.com/itm/383584078630?_trkparms=ispr%3D1&hash=item594f648b26:g:CQIAAOSw3D1hdmlY&amdata=enc%3AAQAGAAAA4NLa0CjPHe0BmgS7g2OsDHo0DSiLPMy0hBrW0T2HIs6P74pWO%2BWYLvGG5loFqo5SqUmYt7a4xUqhsplA3EcnFcl%2Bex12E72BzFxX7IeMA%2BvSi6GmAynlNPabO0I%2FKN5Ig8I6MMMJHzPXE5LAUZNfDLdufaFUE5AFDH2Wm1h7Wkq%2Bkn8sDGUlFSV7XXVNpoeTFCmZRfw6uIcfv9pXASuecrBZroSwy7fzrbyMSBqXS4uuyYSYU8rgn%2BzDuUki0qrNNFBZt%2FL2OHVdS1e10RLJRX1v9niJhu68u87KmnSwglvq%7Ctkp%3ABFBMrrGNi5Fg",
            "condition": "Brand New",
            "price": {
            "raw": "$219.99",
            "extracted": 219.99
            },
            "shipping": "Free shipping",
            "returns": "Free returns",
            "extensions": [
            "or Best Offer"
            ],
            "thumbnail": "https://i.ebayimg.com/thumbs/images/g/CQIAAOSw3D1hdmlY/s-l225.jpg"
            },
            {
            "title": "Tomzon D25 Foldable Drone 4K HD Camera Wide Angle WiFi FPV RC Quadcopter Toys",
            "subtitle": "Hand Gesture Photographing, 3D Flips, With Carrying Bag",
            "link": "https://www.ebay.com/itm/284263845576?_trkparms=ispr%3D1&hash=item422f720ec8:g:LroAAOSwoJ9gfVXT&amdata=enc%3AAQAGAAAA4GFE%2FVMvz0n0kQBIF9x0aB0xBjocLSenHO2QVyOtdo97yleUgYeRx2s%2FpeY9jB6joFvPjV3d9zAplZk%2BlgERyedFcJmolreH43alA%2BDM5hTKOsoK4Q9%2F8wS2nFZSmMqqE8HgpMWuZlDLPlLpem0qIHcQAC3llVKwPEKjNelSBVQfV%2FMrsmnxwHYvCXkahc9vkiZvrhcys9tKzknCwEA9p12ChBxLuqL8vGwhAHqKyf3RFgvtCRkzC2wi5iv6rzVxhVQdALuYTtxLmC6UR78NVQ2YzSiMYqyDp3AlBWelmZuD%7Ctkp%3ABFBMrrGNi5Fg",
            "condition": "Brand New",
            "price": {
            "raw": "$39.99",
            "extracted": 39.99
            },
            "shipping": "Free shipping",
            "extensions": [
            "Buy It Now"
            ],
            "thumbnail": "https://i.ebayimg.com/thumbs/images/g/LroAAOSwoJ9gfVXT/s-l225.jpg"
            },
            {
            "title": "Potensic Dreamer 4K Drone with HD Camera Brushless Motor WiFi FPV Quadcopter",
            "subtitle": "Sony Sensor 4K Camera, 31 Mins Flight",
            "link": "https://www.ebay.com/itm/384083591173?epid=16047874135&hash=item596d2a8005:g:9sIAAOSwRt9gbYj0",
            "condition": "Pre-Owned",
            "reviews": 3,
            "price": {
            "raw": "$168.99",
            "extracted": 168.99
            },
            "shipping": "Free shipping",
            "extensions": [
            "Buy It Now",
            "230 sold"
            ],
            "thumbnail": "https://i.ebayimg.com/thumbs/images/g/9sIAAOSwRt9gbYj0/s-l225.jpg"
            },
            {
            "title": "2021 New RC Drone 4k HD Wide Angle Camera WIFI FPV Drone Dual Camera Quadcopter",
            "subtitle": "US Stock! Fast Shipping! Highest Quality! Best Service!",
            "link": "https://www.ebay.com/itm/164790739659?hash=item265e4b22cb:g:pp4AAOSwKtRgZPzC",
            "condition": "Brand New",
            "price": {
            "raw": "$39.40",
            "extracted": 39.4
            },
            "shipping": "Free shipping",
            "top_rated": true,
            "returns": "Free returns",
            "extensions": [
            "Buy It Now",
            "2,161 sold"
            ],
            "thumbnail": "https://i.ebayimg.com/thumbs/images/g/pp4AAOSwKtRgZPzC/s-l225.jpg"
            },
            {
            "title": "DJI Mavic Air 2 Drone 4K Camera Quadcopter Foldable - Certified Refurbished",
            "subtitle": "DJI Official eBay Outlet Store, DJI Warranty Included",
            "link": "https://www.ebay.com/itm/304026749997?epid=9038067999&hash=item46c9680c2d:g:JbAAAOSwXGVevEw9",
            "condition": "Certified - Refurbished",
            "reviews": 137,
            "price": {
            "raw": "$629.00",
            "extracted": 629
            },
            "shipping": "Free shipping",
            "top_rated": true,
            "returns": "Free returns",
            "extensions": [
            "Buy It Now",
            "eBay Refurbished",
            "341 sold"
            ],
            "thumbnail": "https://i.ebayimg.com/thumbs/images/g/JbAAAOSwXGVevEw9/s-l225.jpg"
            },
            {
            "title": "DJI Mavic Air 2 Fly More Combo Drone 4K Camera Quadcopter Foldable",
            "subtitle": "DJI Official eBay Outlet Store, DJI Warranty Included",
            "link": "https://www.ebay.com/itm/303879440381?epid=4037974125&hash=item46c0a047fd:g:WS4AAOSwLNBevEym",
            "condition": "Brand New",
            "reviews": 239,
            "price": {
            "raw": "$789.00",
            "extracted": 789
            },
            "shipping": "Free shipping",
            "top_rated": true,
            "returns": "Free returns",
            "extensions": [
            "Buy It Now",
            "200 sold"
            ],
            "thumbnail": "https://i.ebayimg.com/thumbs/images/g/WS4AAOSwLNBevEym/s-l225.jpg"
            },
            {
            "title": "DJI Air 2S Drone Quadcopter Foldable Battery Bundle - DJI certified Refurbished",
            "subtitle": "DJI Official eBay Outlet Store, DJI Warranty Included",
            "link": "https://www.ebay.com/itm/304337102492?epid=9045851213&hash=item46dbe7a69c:g:N8QAAOSwQR5h9CwE",
            "condition": "Certified - Refurbished",
            "reviews": 21,
            "price": {
            "raw": "$899.00",
            "extracted": 899
            },
            "shipping": "Free shipping",
            "top_rated": true,
            "returns": "Free returns",
            "extensions": [
            "Buy It Now",
            "eBay Refurbished",
            "204 sold"
            ],
            "thumbnail": "https://i.ebayimg.com/thumbs/images/g/N8QAAOSwQR5h9CwE/s-l225.jpg"
            },
            {
            "title": "Potensic Dreamer Pro Drone with 4K HDR Camera FPV 3-Axis Gimbal GPS Quadcopter",
            "link": "https://www.ebay.com/itm/284423502372?hash=item4238f63a24:g:KAEAAOSw58dhJeFt",
            "condition": "Refurbished",
            "price": {
            "raw": "$263.19",
            "extracted": 263.19
            },
            "shipping": "Free shipping",
            "extensions": [
            "Buy It Now",
            "149 sold"
            ],
            "thumbnail": "https://i.ebayimg.com/thumbs/images/g/KAEAAOSw58dhJeFt/s-l225.jpg"
            },
            {
            "title": "5G 4K GPS Drone x Pro with HD Dual Camera Drones WiFi FPV Foldable RC Quadcopter",
            "link": "https://www.ebay.com/itm/294217823118?hash=item4480bfb38e:g:jGIAAOSwAptgE-WW",
            "condition": "Brand New",
            "price": {
            "raw": "$99.00",
            "extracted": 99
            },
            "shipping": "Free shipping",
            "returns": "Free returns",
            "extensions": [
            "Buy It Now"
            ],
            "thumbnail": "https://i.ebayimg.com/thumbs/images/g/jGIAAOSwAptgE-WW/s-l225.jpg"
            },
            {
            "title": "DJI Mini 2 Drone Quadcopter Ready To Fly 3 battery Bundle -Certified Refurbished",
            "subtitle": "DJI Official eBay Outlet Store, DJI Warranty Included",
            "link": "https://www.ebay.com/itm/304321906522?epid=22042356907&hash=item46daffc75a:g:WqMAAOSwxDVh6Wrs",
            "condition": "Certified - Refurbished",
            "reviews": 119,
            "price": {
            "raw": "$499.00",
            "extracted": 499
            },
            "shipping": "Free shipping",
            "top_rated": true,
            "returns": "Free returns",
            "extensions": [
            "Buy It Now",
            "eBay Refurbished",
            "587 sold"
            ],
            "thumbnail": "https://i.ebayimg.com/thumbs/images/g/WqMAAOSwxDVh6Wrs/s-l225.jpg"
            },
            {
            "title": "DJI Mini SE Drone",
            "subtitle": "DJI Official eBay Outlet Store, DJI Warranty Included",
            "link": "https://www.ebay.com/itm/304252777615?epid=18047692662&hash=item46d6e0f48f:g:YuwAAOSwaAJhEmat",
            "condition": "Open Box",
            "reviews": 31,
            "price": {
            "raw": "$279.00",
            "extracted": 279
            },
            "shipping": "Free shipping",
            "top_rated": true,
            "returns": "Free returns",
            "extensions": [
            "Buy It Now",
            "194 watchers"
            ],
            "thumbnail": "https://i.ebayimg.com/thumbs/images/g/YuwAAOSwaAJhEmat/s-l225.jpg"
            },
            {
            "title": "Quad air Drone RC Drone 4K HD Dual Camera WIFI FPV KK1 2 x Battery Rc Quadcopter",
            "link": "https://www.ebay.com/itm/154765512014?hash=item2408be4d4e:g:17oAAOSwiUhiGfYn",
            "condition": "Brand New",
            "price": {
            "raw": "$30.99",
            "extracted": 30.99
            },
            "shipping": "Free shipping",
            "extensions": [
            "or Best Offer"
            ],
            "thumbnail": "https://i.ebayimg.com/thumbs/images/g/17oAAOSwiUhiGfYn/s-l225.jpg"
            },
            {
            "title": "Parrot Bebop 2 Quadcopter Drone (White)",
            "subtitle": "Totally Upgraded | 25 Min Flight Time | 1.25 Mile Range",
            "link": "https://www.ebay.com/itm/153755943766?epid=694441251&hash=item23cc918356:g:xHYAAOSwlPld7pwT",
            "condition": "Refurbished",
            "reviews": 56,
            "price": {
            "raw": "$199.99",
            "extracted": 199.99
            },
            "shipping": "Free shipping",
            "returns": "Free returns",
            "extensions": [
            "or Best Offer",
            "708 sold"
            ],
            "thumbnail": "https://i.ebayimg.com/thumbs/images/g/xHYAAOSwlPld7pwT/s-l225.jpg"
            },
            {
            "title": "DJI Air 2S Fly More Combo Drone Quadcopter Foldable-DJI Certified Refurbished",
            "subtitle": "DJI Official eBay Outlet Store, DJI Warranty Included",
            "link": "https://www.ebay.com/itm/304246227945?epid=4045815622&hash=item46d67d03e9:g:ZBwAAOSwom5geE5S",
            "condition": "Certified - Refurbished",
            "reviews": 36,
            "price": {
            "raw": "$1,079.00",
            "extracted": 1079
            },
            "shipping": "Free shipping",
            "top_rated": true,
            "returns": "Free returns",
            "extensions": [
            "Buy It Now",
            "eBay Refurbished",
            "235 sold"
            ],
            "thumbnail": "https://i.ebayimg.com/thumbs/images/g/ZBwAAOSwom5geE5S/s-l225.jpg"
            },
            {
            "title": "Holy Stone HS110G FPV Drones with 1080P HD Video Camera Quadcopter GPS Follow Me",
            "link": "https://www.ebay.com/itm/264495064174?_trkparms=ispr%3D1&hash=item3d9522646e:g:~TAAAOSwEvhfmp8W&amdata=enc%3AAQAGAAAA4LlbsTaZq6bxnZgVm%2Fu7i25ozMIpriHCeSgQExFT3JVIwzoJu8IPcHZ0HUynKQtBEFXu7aKt7ogrJcPCSKQOhzoRPOoetSQ88jiM4WzqfxYbb3ao1yx%2Bzx1ZYmMYj1%2F66bVpkiTQnDNmUti4fdN1TP%2FYV87Y5nF3iLPrpr0r4Ue5glcO1sONt%2BDJafmGsE1b8e2H3ZBFroMbM9S%2FF7LulrfIGhicLMsAGWh5BsDNdWCHkzefiYqNPhEsvtf8SOCnyp%2FFsD4qhZiQEitqyCys%2BUi852CH1oZSYxxpS9R4%2BA1b%7Ctkp%3ABFBMrrGNi5Fg",
            "condition": "Brand New",
            "price": {
            "raw": "$119.99",
            "extracted": 119.99
            },
            "shipping": "Free shipping",
            "returns": "Free returns",
            "extensions": [
            "or Best Offer",
            "906 sold"
            ],
            "thumbnail": "https://i.ebayimg.com/thumbs/images/g/~TAAAOSwEvhfmp8W/s-l225.jpg"
            },
            {
            "title": "2022 New Rc Drone 4k HD Wide Angle Camera WiFi fpv Drone Dual Camera Quadcopter",
            "link": "https://www.ebay.com/itm/202664221684?epid=24045734807&_trkparms=ispr%3D1&hash=item2f2fba9bf4:g:uWwAAOSwtYRcxVqG&amdata=enc%3AAQAGAAAA4MoIvNrHIdneomB%2B69EE9wJbbyRxDW01rHDIcXXwHkFjFJAoDaeMX8d0MKAmtA4tLlziuY%2FPx9VIKj4UT%2FBwJOoLUTHpom1KT6HqQpdwov9GrbcO4RErXnZVkSgnC%2FZP8565bd4EywewHdW53%2BFbJgr4Pn%2BWHbTi9Br0gSINWCFk9lihgiGAw%2BLMlTABxoCpdXoh6Qu4xtSer7Yn20yS3sjxAkGvNNjHnbZx03dcSY2FqcH2KYXT9BbSbwinzohK8700tApVrXxES%2Bpe156FkL%2FNbfcZCXmSno2XKyDmXteY%7Ctkp%3ABFBMrrGNi5Fg",
            "condition": "Brand New",
            "reviews": 2,
            "price": {
            "raw": "$64.99",
            "extracted": 64.99
            },
            "top_rated": true,
            "returns": "Free returns",
            "extensions": [
            "or Best Offer"
            ],
            "thumbnail": "https://i.ebayimg.com/thumbs/images/g/uWwAAOSwtYRcxVqG/s-l225.jpg"
            },
            {
            "title": "2022 FPV Wifi RC Drone With HD Camera Quadcopter 4K 1080P Selfie Toys Foldable",
            "link": "https://www.ebay.com/itm/265643391920?_trkparms=ispr%3D1&hash=item3dd9947bb0:g:vFgAAOSwCSxia-bI&amdata=enc%3AAQAGAAAA4K%2F3wuEkC73L9gD2He2XvPyDUDUtW49xjtlKR73yEzu2VjcMbvOMEJg2RpTjRfWq14ASySe49swsQnJqBFBbypYlTOFcbVo9j8X1wEUkp6hh94XbQFv0EMblCD%2BpPu%2BOy%2BaH9ziqYOEhCHVMwBlHKZ8dE%2F5q5Z%2Fm0u40Ykj44KR%2Fx7GO2hs5YP2u7GDJtUV5Seb%2BluX5bgx16jKxbVYi1RA42MGnQivHslhXAF%2B960EBg5ui7DLHMIXe%2FB4wAxp3yDs8FMb1cZ%2B9kjn3s262FNAvXksCTCxxoKZCgmvjxymy%7Ctkp%3ABFBMrrGNi5Fg",
            "condition": "Brand New",
            "price": {
            "raw": "$43.99",
            "extracted": 43.99
            },
            "top_rated": true,
            "returns": "Free returns",
            "extensions": [
            "Buy It Now"
            ],
            "thumbnail": "https://i.ebayimg.com/thumbs/images/g/vFgAAOSwCSxia-bI/s-l225.jpg"
            },
            {
            "title": "Drone V9 Mini 4k Camera 2.4Ghz WiFi Fpv Drone Height Keep Drones",
            "link": "https://www.ebay.com/itm/353974504210?_trkparms=ispr%3D1&hash=item526a864b12:g:5mUAAOSwxFxiPDU8&amdata=enc%3AAQAGAAAA4Ah2KcLES6AANkeq%2F9P3B0ChpPxDTtIcdebkDlczCb3%2B79JWL%2BTIZBFFjrBABhcaP4mQTBkamDpWhrs3v88Ltc2W8sfXNeXem8fEmvyak3%2FbYWvbxYuir7mLWDtPHLg8lIGosPDohYzTRhiIysfWF9gMuOPdmclIwnjpsHdGloUWLsUezTgvHD1zhsW2E%2FG2EiqYaytSKS%2FDXHD%2F39TFtk0ga32mnIp5sGdhq5jSE6UdkHUJxpZzhbMnv%2F6PtUvgXB1HkA2CSDHpvxY5hD%2BEQn4WxmAJdIFlG8Qe%2BOn%2BDUGm%7Ctkp%3ABFBMrrGNi5Fg",
            "condition": "Brand New",
            "price": {
            "raw": "$25.80",
            "extracted": 25.8
            },
            "shipping": "Free shipping",
            "returns": "Free returns",
            "extensions": [
            "Buy It Now"
            ],
            "thumbnail": "https://i.ebayimg.com/thumbs/images/g/5mUAAOSwxFxiPDU8/s-l225.jpg"
            },
            {
            "title": "E88 Pro 4K Dual Camera Drone RC Fordable HD Wide Angle WIFI FPV Quadcopter",
            "link": "https://www.ebay.com/itm/154833075276?hash=item240cc53c4c:g:9hYAAOSwx9BiAO11",
            "condition": "Brand New",
            "price": {
            "raw": "$36.94",
            "extracted": 36.94
            },
            "shipping": "Free shipping",
            "extensions": [
            "Buy It Now"
            ],
            "thumbnail": "https://i.ebayimg.com/thumbs/images/g/9hYAAOSwx9BiAO11/s-l225.jpg"
            },
            {
            "title": "DJI Mini 2 Drone Fly More Combo Pro Plus",
            "subtitle": "DJI Official eBay Outlet Store, DJI Warranty Included",
            "link": "https://www.ebay.com/itm/303754786577?epid=20042386686&hash=item46b9323711:g:jnEAAOSw~Ophroeh",
            "condition": "Brand New",
            "reviews": 281,
            "price": {
            "raw": "$599.00",
            "extracted": 599
            },
            "shipping": "Free shipping",
            "top_rated": true,
            "returns": "Free returns",
            "extensions": [
            "Buy It Now",
            "580 sold"
            ],
            "thumbnail": "https://i.ebayimg.com/thumbs/images/g/jnEAAOSw~Ophroeh/s-l225.jpg"
            },
            {
            "new_listing": true,
            "title": "DJI Mini SE 2.7K Camera Drone with EXTRAS",
            "link": "https://www.ebay.com/itm/224967869616?epid=18047692662&hash=item34612144b0:g:iSIAAOSwKoNib98D",
            "condition": "Open Box",
            "reviews": 31,
            "price": {
            "raw": "$102.50",
            "extracted": 102.5
            },
            "shipping": "+$11.75 shipping",
            "bids": {
            "count": 2,
            "time_left": "6d 16h left"
            },
            "thumbnail": "https://i.ebayimg.com/thumbs/images/g/iSIAAOSwKoNib98D/s-l225.jpg"
            },
            {
            "title": "DJI Mavic Mini 2 4K Video Camera Quadcopter Drone Fly More Deluxe Combo",
            "subtitle": "AUTHORIZED USA DEALER INCLUDES 1 YEAR EXTENDED WARRANTY",
            "link": "https://www.ebay.com/itm/324412839711?epid=20042386686&hash=item4b8883171f:g:PpQAAOSw1rJf0q8p",
            "condition": "Brand New",
            "reviews": 281,
            "price": {
            "raw": "$619.00",
            "extracted": 619
            },
            "top_rated": true,
            "returns": "Free returns",
            "extensions": [
            "Buy It Now",
            "483 sold"
            ],
            "thumbnail": "https://i.ebayimg.com/thumbs/images/g/PpQAAOSw1rJf0q8p/s-l225.jpg"
            },
            {
            "title": "4DRC-F4 Foldable brushless GPS drone with 4K UHD Camera 5G FPV Christmas gift",
            "link": "https://www.ebay.com/itm/294478855213?hash=item44904ebc2d:g:EGAAAOSwamZhb8S9",
            "condition": "Refurbished",
            "price": {
            "raw": "$85.00",
            "extracted": 85
            },
            "shipping": "Free shipping",
            "returns": "Free returns",
            "extensions": [
            "Buy It Now"
            ],
            "thumbnail": "https://i.ebayimg.com/thumbs/images/g/EGAAAOSwamZhb8S9/s-l225.jpg"
            },
            {
            "title": "2021 New RC Drone 4k HD Wide Angle Camera WIFI FPV Drone Dual Camera Quadcopter",
            "subtitle": "✅1 Days Shipping✅3 Battery✅3D Flip✅gift✅",
            "link": "https://www.ebay.com/itm/294846621981?hash=item44a63a691d:g:W3kAAOSwAHBhmKwk",
            "condition": "Brand New",
            "price": {
            "raw": "$56.00",
            "extracted": 56
            },
            "shipping": "Free shipping",
            "returns": "Free returns",
            "extensions": [
            "Buy It Now"
            ],
            "thumbnail": "https://i.ebayimg.com/thumbs/images/g/W3kAAOSwAHBhmKwk/s-l225.jpg"
            },
            {
            "title": "Dual Camera Drone 3Speed WIFI FPV 4K HD Foldable Wide Angle Selfie RC Quadcopter",
            "link": "https://www.ebay.com/itm/203455703866?_trkparms=ispr%3D1&hash=item2f5ee7ab3a:g:v~YAAOSwLslh2cv-&amdata=enc%3AAQAGAAAA4AaIcmWoaGpGDsm9DacND6ODhghYGOwZ5fY97PNfMO95B1MLVn1M%2FSXsnJLgViYy8qGJICUFv9JR%2F9gil3ewFR%2FmQNUeepAS8TRPNaZpLIprNVoVZ4WR3qpnQj7rmzmDskA%2FiZjAO39QXerSZ9iQVKP7TxOeggQzWHaH0YwM11fCexfniz1PbMFUNPeCR%2FQRQMznoQ8gCS6%2BLYvZ%2BuBx4Krcm6QOG7IxOnLJPs1lt%2BEfBfBkHmMhhw9vpKjQ3G23UGGbgzgs9NBpw4MhsFkBLV0ZbNMlnNIVDQjU72%2FJFzm5%7Ctkp%3ABFBMrrGNi5Fg",
            "condition": "Brand New",
            "price": {
            "from": {
            "raw": "$46.99",
            "extracted": 46.99
            },
            "to": {
            "raw": "$64.99",
            "extracted": 64.99
            }
            },
            "top_rated": true,
            "returns": "Free returns",
            "extensions": [
            "Buy It Now"
            ],
            "thumbnail": "https://i.ebayimg.com/thumbs/images/g/v~YAAOSwLslh2cv-/s-l225.jpg"
            },
            {
            "title": "Holy Stone HS720E 4K Anti-shake EIS Camera GPS RC Drone Quadcopter GPS Follow Me",
            "link": "https://www.ebay.com/itm/383705982125?_trkparms=ispr%3D1&hash=item5956a8a4ad:g:-rQAAOSw9BhhZiru&amdata=enc%3AAQAGAAAA4MsJll69dNXafGTClrLs%2FunNKNdgnKTCYRmY%2BGzietXWUglghs7nNc8sfbIhvWPupvGdhpeVA1Thu4ndW3ZWLJ6wyzqeqibvUv4Kd0dsO7XqTclF0GQABBUQasPquo%2B%2F37SKCCRwhJLwL6cBBq%2Bgb7TOJYztKZ3WZIPoFqxJObc72bksKM95ucgPmpEHrsnBdfUSZVSpDS3ncyDJbufi5jMd6i%2BxWaT9qw%2BvOqc3TLv%2BbCMj3mz6UPZHAjKKoIK4JMM0gN%2BQo2CkM6IRIRxvhL1r08ufVDbh%2BoGvnGkUm2L5%7Ctkp%3ABFBMrrGNi5Fg",
            "condition": "Brand New",
            "price": {
            "raw": "$242.99",
            "extracted": 242.99
            },
            "shipping": "Free shipping",
            "extensions": [
            "Buy It Now",
            "173 sold"
            ],
            "thumbnail": "https://i.ebayimg.com/thumbs/images/g/-rQAAOSw9BhhZiru/s-l225.jpg"
            },
            {
            "title": "4DRC-F3 Professional Drones GPS 5G WiFi FPV with 4K/1080P HD Wide Angle Camera",
            "subtitle": "US Stock! Fast Shipping! Highest Quality! Best Service!",
            "link": "https://www.ebay.com/itm/294214827778?hash=item448091ff02:g:1O8AAOSwJ6tfAxzv",
            "condition": "Brand New",
            "price": {
            "raw": "$108.00",
            "extracted": 108
            },
            "shipping": "Free shipping",
            "returns": "Free returns",
            "extensions": [
            "Buy It Now"
            ],
            "thumbnail": "https://i.ebayimg.com/thumbs/images/g/1O8AAOSwJ6tfAxzv/s-l225.jpg"
            },
            {
            "new_listing": true,
            "title": "DJI Mini 2 Fly More Combo Camera Drone",
            "link": "https://www.ebay.com/itm/275297183927?epid=20042386686&hash=item4018fda8b7:g:itIAAOSwMNxicFgV",
            "condition": "Pre-Owned",
            "reviews": 281,
            "price": {
            "raw": "$245.00",
            "extracted": 245
            },
            "shipping": "+$28.25 shipping",
            "bids": {
            "count": 1,
            "time_left": "6d 15h left"
            },
            "thumbnail": "https://i.ebayimg.com/thumbs/images/g/itIAAOSwMNxicFgV/s-l225.jpg"
            },
            {
            "title": "[Factory Refurbish] F4 RC Drone With 4K HD Camera FPV GPS Quadcopter Brushless",
            "subtitle": "Factory guarantee//Free return and exchange//！！！HOT！！！！",
            "link": "https://www.ebay.com/itm/294323145047?hash=item448706c957:g:yJ8AAOSwAxthBoeC",
            "condition": "Refurbished",
            "price": {
            "from": {
            "raw": "$35.00",
            "extracted": 35
            },
            "to": {
            "raw": "$169.00",
            "extracted": 169
            }
            },
            "shipping": "Free shipping",
            "returns": "Free returns",
            "extensions": [
            "Buy It Now"
            ],
            "thumbnail": "https://i.ebayimg.com/thumbs/images/g/yJ8AAOSwAxthBoeC/s-l225.jpg"
            },{
                "title": "🔶You PICK! The LEGO Movie- Minifigures Series 1 & 2 / Wizard of Oz 71004 Choose",
                "link": "https://www.ebay.com/itm/133709708436?_trkparms=ispr%3D1&hash=item1f21b83c94:g:azUAAOSwzO1gVhn~&amdata=enc%3AAQAGAAAA4PEiwIGt%2FYjC8ej85s%2BXN2zpHKB9uN1L7x%2BH0yaOWBCLlP9crCp82V6WMEetz2Bmc6%2B1zFWUgw5QBV%2FyH6ypFygQrVGzbI5HtdaxwECLQ8TiZNEk3zYix5MEgR7DXSmKyi3vEExsWfUi8BtPteQUtfu65yTPiNH1vigc0CP2o39icGRHL9YwoltZpqGWD655DrIl1e4IZk0LsE7zQEXk%2Fy5yqheyqEGxf8eqGNBpMl%2BbLa9X%2BUJNhIuqo6DLUbZ81zl2abkZAevj041%2BGTogRsfKfXh1qIZ2X5fLgXnv8aYi%7Ctkp%3ABFBM2MTJi5Fg",
                "condition": "Brand New",
                "price": {
                "from": {
                "raw": "$3.90",
                "extracted": 3.9
                },
                "to": {
                "raw": "$32.90",
                "extracted": 32.9
                }
                },
                "shipping": "+$4.50 shipping",
                "extensions": [
                "Buy It Now"
                ],
                "thumbnail": "https://i.ebayimg.com/thumbs/images/g/azUAAOSwzO1gVhn~/s-l225.jpg"
                },
                {
                "title": "LEGO - Minifigures - The Lego Movie - Where are my Pants Guy - 71004",
                "link": "https://www.ebay.com/itm/144472099138?_trkparms=ispr%3D1&hash=item21a3354942:g:djIAAOSwr5hiN-dO&amdata=enc%3AAQAGAAAA4BLeX1k3xfMvz66KVvMxf7bw2pj%2Bb0obHimw4945anp7Wj%2F%2Fk5u7y219J%2BnAqUAI%2BCJ%2BIHdGEH5IUuYYWBVplzrUyyDzc1BiVNfFWzuVHqOyHxqlzc%2F0te4mvKRSwMbjoESxy7%2F7qyLI6YqKXH2lEI9TmQhJJeHcOwtheGSjtg2mgC6JA8c9myPEM9exT%2BhI0AXGkqNR6CebTobuHX8s%2BR%2FFYmUk3A31BfNeTGRnSP%2F5yAX5uSOn99sfxW6%2BbMgBgZEu86THNyJ%2BOunjlR3iEsugA7pPaBC21gM6vVA6WLaO%7Ctkp%3ABFBM2MTJi5Fg",
                "condition": "Pre-Owned",
                "price": {
                "raw": "$9.99",
                "extracted": 9.99
                },
                "shipping": "+$3.99 shipping",
                "extensions": [
                "Buy It Now"
                ],
                "thumbnail": "https://i.ebayimg.com/thumbs/images/g/djIAAOSwr5hiN-dO/s-l225.jpg"
                },
                {
                "title": "LEGO Movie 1 (71004) Where Are My Pants? Guy Minifigure New",
                "link": "https://www.ebay.com/itm/255509674471?epid=14053421217&hash=item3b7d9039e7:g:N5gAAOSwJehgxQU3",
                "condition": "Brand New",
                "reviews": 46,
                "price": {
                "raw": "$4.99",
                "extracted": 4.99
                },
                "shipping": "+$3.49 shipping",
                "bids": {
                "count": 0,
                "time_left": "1d 9h left"
                },
                "thumbnail": "https://i.ebayimg.com/thumbs/images/g/N5gAAOSwJehgxQU3/s-l225.jpg"
                },
                {
                "title": "The Lego Movie Series 71004 Minifigure Lot Calamity Drone Wiley Business Pants",
                "link": "https://www.ebay.com/itm/233458944250?epid=1440519413&hash=item365b3cc8fa:g:iBsAAOSw2ZleFQlM",
                "condition": "Pre-Owned",
                "reviews": 26,
                "price": {
                "raw": "$29.99",
                "extracted": 29.99
                },
                "shipping": "+$4.70 shipping",
                "top_rated": true,
                "returns": "Free returns",
                "extensions": [
                "or Best Offer",
                "12 watchers"
                ],
                "thumbnail": "https://i.ebayimg.com/thumbs/images/g/iBsAAOSw2ZleFQlM/s-l225.jpg"
                },
                {
                "title": "The Lego Movie Series 1 Where Are My Pants? #13 71004. Flat Rate Shipping",
                "link": "https://www.ebay.com/itm/254873642114?epid=14053421217&hash=item3b57a72482:g:MCAAAOSwsOFgMDXf",
                "condition": "Pre-Owned",
                "reviews": 46,
                "price": {
                "raw": "$5.50",
                "extracted": 5.5
                },
                "shipping": "+$3.50 shipping",
                "extensions": [
                "Buy It Now",
                "Last one",
                "2 watchers"
                ],
                "thumbnail": "https://i.ebayimg.com/thumbs/images/g/MCAAAOSwsOFgMDXf/s-l225.jpg"
                },
                {
                "title": "New Genuine LEGO Where are my Pants? Guy Minifig The Lego Movie 71004",
                "link": "https://www.ebay.com/itm/272051067713?epid=14053421217&hash=item3f5781db41:g:f~oAAOSwmfhX2ssb",
                "condition": "Brand New",
                "reviews": 46,
                "price": {
                "raw": "$7.99",
                "extracted": 7.99
                },
                "shipping": "+$4.00 shipping",
                "extensions": [
                "Buy It Now",
                "Last one",
                "30 sold"
                ],
                "thumbnail": "https://i.ebayimg.com/thumbs/images/g/f~oAAOSwmfhX2ssb/s-l225.jpg"
                },
                {
                "title": "Lot of 3 LEGO Minifigure Series THE LEGO MOVIE Where Are My Pants, Barista, Gail",
                "link": "https://www.ebay.com/itm/175058498027?epid=1440519413&hash=item28c24cb1eb:g:LUsAAOSwQZhhstR4",
                "condition": "Pre-Owned",
                "reviews": 26,
                "price": {
                "raw": "$26.00",
                "extracted": 26
                },
                "shipping": "Free shipping",
                "extensions": [
                "Buy It Now"
                ],
                "thumbnail": "https://i.ebayimg.com/thumbs/images/g/LUsAAOSwQZhhstR4/s-l225.jpg"
                },
                {
                "title": "LEGO Where are my Pants? Guy: The Lego Movie Minifigure Collection (2014)",
                "link": "https://www.ebay.com/itm/354024504879?epid=14053421217&hash=item526d813e2f:g:J6IAAOSw85RiZB2K",
                "condition": "Pre-Owned",
                "reviews": 46,
                "price": {
                "raw": "$5.49",
                "extracted": 5.49
                },
                "shipping": "+$5.00 shipping",
                "extensions": [
                "or Best Offer"
                ],
                "thumbnail": "https://i.ebayimg.com/thumbs/images/g/J6IAAOSw85RiZB2K/s-l225.jpg"
                },
                {
                "title": "2x Aluminum 16mm 20mm Medicine Bucket Fixed Holder for Pant Protection Drone UAV",
                "link": "https://www.ebay.com/itm/392411135697?hash=item5b5d86bed1:g:Xa0AAOSwJdBdbxd6",
                "condition": "Brand New",
                "price": {
                "from": {
                "raw": "$10.64",
                "extracted": 10.64
                },
                "to": {
                "raw": "$11.02",
                "extracted": 11.02
                }
                },
                "shipping": "+$4.65 shipping",
                "location": "from China",
                "extensions": [
                "Buy It Now"
                ],
                "thumbnail": "https://i.ebayimg.com/thumbs/images/g/Xa0AAOSwJdBdbxd6/s-l225.jpg"
                },
                {
                "title": "LEGO The Movie Series 1 Where’s My Pants Guy Minifigure 71004 New-Factory Sealed",
                "link": "https://www.ebay.com/itm/234141851365?hash=item3683f11ee5:g:KqoAAOSwBSlhGeVt",
                "condition": "Brand New",
                "price": {
                "raw": "$8.00",
                "extracted": 8
                },
                "shipping": "+$3.00 shipping",
                "extensions": [
                "Buy It Now"
                ],
                "thumbnail": "https://i.ebayimg.com/thumbs/images/g/KqoAAOSwBSlhGeVt/s-l225.jpg"
                },
                {
                "title": "Where are My Pants Guy The LEGO Movie Collectible Minifigure Figure (2014) 71004",
                "link": "https://www.ebay.com/itm/255373633139?epid=2254342263&hash=item3b75746673:g:hC4AAOSwdiViAFvK",
                "condition": "Pre-Owned",
                "price": {
                "raw": "$5.99",
                "extracted": 5.99
                },
                "shipping": "+$4.25 shipping",
                "extensions": [
                "Buy It Now"
                ],
                "thumbnail": "https://i.ebayimg.com/thumbs/images/g/hC4AAOSwdiViAFvK/s-l225.jpg"
                },
                {
                "title": "LEGO The Movie Series Where Are My Pants Guy Minifigure 71004 New Sealed",
                "link": "https://www.ebay.com/itm/325059917107?hash=item4baf14b533:g:rmwAAOSwbaViEYTM",
                "condition": "Brand New",
                "price": {
                "raw": "$7.95",
                "extracted": 7.95
                },
                "shipping": "+$3.49 shipping",
                "extensions": [
                "Buy It Now"
                ],
                "thumbnail": "https://i.ebayimg.com/thumbs/images/g/rmwAAOSwbaViEYTM/s-l225.jpg"
                },
                {
                "title": "LEGO Minifigures Lego Movie batman superman ninja go toy story marvel Lot of 14",
                "link": "https://www.ebay.com/itm/333767430996?epid=1440519413&hash=item4db616d354:g:YlMAAOSw8Ntfl68h",
                "condition": "Pre-Owned",
                "reviews": 26,
                "price": {
                "raw": "$30.00",
                "extracted": 30
                },
                "shipping": "+$3.81 shipping",
                "extensions": [
                "or Best Offer"
                ],
                "thumbnail": "https://i.ebayimg.com/thumbs/images/g/YlMAAOSw8Ntfl68h/s-l225.jpg"
                },
                {
                "title": "Genuine LEGO Where are my Pants? Guy Minifig The Lego Movie 71004",
                "link": "https://www.ebay.com/itm/363577261919?epid=2254342263&_trkparms=ispr%3D1&hash=item54a6e4bf5f:g:IyEAAOSwOw5hZUEz&amdata=enc%3AAQAGAAAA4O9Wfu0tfr7HyyAZKZC7gFC2KuhltGN97N7awLl7iYlg59tf73LSaCtOxEYQhDtHvML7xO1jVIgJ8fGw70fZEMPBY%2FK8XpGPDLpxYlIc1H5yM05A%2FUwpiExyUWPx0Da2my%2F8MoRDp85yY0jFrWhPQx6qgAECPKbsdcInuTOio5Q%2FA9U2t3mXsMZ4tc%2FqF4WXqP4WsRjbnAyYE%2B5GbJLXOBLmy2fbFEKVme5ItXR6Dd2gs7BnANtgT4LByXjCG4%2BhZgcdIG7ArbqkMx11NOks6frB%2FNfItXjD613FrL0dyTxB%7Ctkp%3ABFBM2MTJi5Fg",
                "condition": "Pre-Owned",
                "price": {
                "raw": "$6.99",
                "extracted": 6.99
                },
                "shipping": "+$4.75 shipping",
                "extensions": [
                "or Best Offer"
                ],
                "thumbnail": "https://i.ebayimg.com/thumbs/images/g/IyEAAOSwOw5hZUEz/s-l225.jpg"
                },
                {
                "title": "LEGO MINIFIGURES 71004 THE LEGO MOVIE PICK CHOOSE YOUR OWN + BUY 3 GET 1 FREE",
                "link": "https://www.ebay.com/itm/323691645875?epid=16053421756&_trkparms=ispr%3D1&hash=item4b5d868bb3:g:7OgAAOSwL-9cXgQY&amdata=enc%3AAQAGAAAA4L7Ic3mHycwH0slia0yoYJhyPZHCi6AqSRiLXU0mI6mgCTPvbkAWL7vYjMqX8PLNpItAL4w%2FsABKCPh2ttp4Ltpy6ej%2FKmz47t8wAZFossYjkpDPxuz8ZL25OUGOVrKdhG6mrRr5KDjgGaUbvgfudVc7TWW%2F2Vj5HD0H1lClPBVRZRISZk5GF3AaxMH7xVn%2B8u9yFpwHONpMPT%2F0mE2npnoqlag86yLaO5dHlg5N0oi0anABx8w8%2FEMnog77PH8SOuwiAWPSJVF3j5Co2vPbF9j4NWP4LN0q2Gr0DAnBsktj%7Ctkp%3ABFBM2MTJi5Fg",
                "condition": "Brand New",
                "shipping": {
                "raw": "+$22.94 shipping estimate",
                "extracted": 22.94
                },
                "top_rated": true,
                "location": "from United Kingdom",
                "extensions": [
                "Buy It Now",
                "3+ watchers"
                ],
                "thumbnail": "https://i.ebayimg.com/thumbs/images/g/7OgAAOSwL-9cXgQY/s-l225.jpg"
                },
                {
                "title": "LEGO Minifigure 71004 Dude Where Are My Pants",
                "link": "https://www.ebay.com/itm/175242619110?hash=item28cd4628e6:g:BRwAAOSwAqRiWLxB",
                "condition": "Brand New",
                "price": {
                "raw": "$11.99",
                "extracted": 11.99
                },
                "extensions": [
                "Buy It Now"
                ],
                "thumbnail": "https://i.ebayimg.com/thumbs/images/g/BRwAAOSwAqRiWLxB/s-l225.jpg"
                },
                {
                "title": "LEGO MINIFIGURES MOVIE SERIES 1 (71004) ~ WHERE ARE MY PANT? GUY ~ SEALED PACK",
                "link": "https://www.ebay.com/itm/284429800488?epid=14053421217&hash=item4239565428:g:pA4AAOSw--VhK6oj",
                "condition": "Brand New",
                "reviews": 46,
                "price": {
                "raw": "$8.95",
                "extracted": 8.95
                },
                "shipping": "+$3.72 shipping",
                "top_rated": true,
                "returns": "Free returns",
                "extensions": [
                "Buy It Now"
                ],
                "thumbnail": "https://i.ebayimg.com/thumbs/images/g/pA4AAOSw--VhK6oj/s-l225.jpg"
                },
                {
                "title": "LEGO MINIFIGURES MOVIE SERIES (71004) ~ WHERE ARE MY PANTS? GUY",
                "link": "https://www.ebay.com/itm/403387669711?epid=1440519413&hash=item5debc75ccf:g:gK0AAOSwuYZhEGlq",
                "condition": "Brand New",
                "reviews": 26,
                "price": {
                "raw": "$9.99",
                "extracted": 9.99
                },
                "shipping": "+$5.30 shipping",
                "extensions": [
                "Buy It Now"
                ],
                "thumbnail": "https://i.ebayimg.com/thumbs/images/g/gK0AAOSwuYZhEGlq/s-l225.jpg"
                },
                {
                "title": "Lego Minifig Series # 71004 - Lego Movie 1 - Where’s My Pants Guy - NEW & Cool!",
                "link": "https://www.ebay.com/itm/293684120343?epid=2254342263&hash=item4460f00b17:g:K2wAAOSwnTxfMJCm",
                "condition": "Brand New",
                "price": {
                "raw": "$11.99",
                "extracted": 11.99
                },
                "shipping": "Free shipping",
                "extensions": [
                "Buy It Now"
                ],
                "thumbnail": "https://i.ebayimg.com/thumbs/images/g/K2wAAOSwnTxfMJCm/s-l225.jpg"
                },
                {
                "title": "The Lego Movie Series 1 Where Are My Pants? Guy #13 Minifigure 71004",
                "link": "https://www.ebay.com/itm/114397588603?epid=2254342263&hash=item1aa2a0ac7b:g:1c0AAOSwPLhfVxEg",
                "condition": "Pre-Owned",
                "price": {
                "raw": "$7.99",
                "extracted": 7.99
                },
                "shipping": "+$4.65 shipping",
                "extensions": [
                "or Best Offer"
                ],
                "thumbnail": "https://i.ebayimg.com/thumbs/images/g/1c0AAOSwPLhfVxEg/s-l225.jpg"
                },
                {
                "title": "The Lego Movie Series 1 Where Are My Pants? Guy Collectible Minifigure - New",
                "link": "https://www.ebay.com/itm/154371437310?epid=2254342263&hash=item23f14132fe:g:eqcAAOSwn55e8VGs",
                "condition": "Brand New",
                "price": {
                "raw": "$9.49",
                "extracted": 9.49
                },
                "shipping": "+$3.99 shipping",
                "extensions": [
                "or Best Offer"
                ],
                "thumbnail": "https://i.ebayimg.com/thumbs/images/g/eqcAAOSwn55e8VGs/s-l225.jpg"
                },
                {
                "title": "Lego 71004-Minifigures Series Movie 1 Collector Figure SELECT Abraham Lincoln...",
                "link": "https://www.ebay.com/itm/373749768445?hash=item570538e0fd:g:PFsAAOSwiYZhYC3d",
                "condition": "Brand New",
                "shipping": {
                "raw": "+$8.37 shipping",
                "extracted": 8.37
                },
                "location": "from Germany",
                "extensions": [
                "Buy It Now"
                ],
                "thumbnail": "https://i.ebayimg.com/thumbs/images/g/PFsAAOSwiYZhYC3d/s-l225.jpg"
                },
                {
                "title": "71004 Lego Movie Minifigures Series 1 Where are my Pants Guy #13 Factory Sealed",
                "link": "https://www.ebay.com/itm/304055159798?hash=item46cb198bf6:g:ImsAAOSwKZJg4agA",
                "condition": "Brand New",
                "shipping": {
                "raw": "+$21.14 shipping",
                "extracted": 21.14
                },
                "location": "from Australia",
                "extensions": [
                "Buy It Now"
                ],
                "thumbnail": "https://i.ebayimg.com/thumbs/images/g/ImsAAOSwKZJg4agA/s-l225.jpg"
                },
                {
                "title": "The LEGO Movie Series 71004 Minifigure Lot Wiley Pres. Business Where’s My Pants",
                "link": "https://www.ebay.com/itm/233468138947?epid=1440519413&hash=item365bc915c3:g:LQoAAOSwHv1eIiXI",
                "condition": "Pre-Owned",
                "reviews": 26,
                "price": {
                "raw": "$16.99",
                "extracted": 16.99
                },
                "shipping": "+$4.70 shipping",
                "top_rated": true,
                "returns": "Free returns",
                "extensions": [
                "or Best Offer"
                ],
                "thumbnail": "https://i.ebayimg.com/thumbs/images/g/LQoAAOSwHv1eIiXI/s-l225.jpg"
                },
                {
                "title": "LEGO Movie 1 (71004) Where Are My Pants? Guy Minifigure New",
                "link": "https://www.ebay.com/itm/255014777355?epid=14053421217&hash=item3b6010b20b:g:N5gAAOSwJehgxQU3",
                "condition": "Brand New",
                "reviews": 46,
                "price": {
                "raw": "$9.95",
                "extracted": 9.95
                },
                "shipping": "+$3.49 shipping",
                "extensions": [
                "or Best Offer"
                ],
                "thumbnail": "https://i.ebayimg.com/thumbs/images/g/N5gAAOSwJehgxQU3/s-l225.jpg"
                },
                {
                "title": "Lego Minifigures multi listing Trades, Fun, Sports, Decorator, Pants guy etc",
                "link": "https://www.ebay.com/itm/133434755402?hash=item1f1154c94a:g:ftoAAOSwQ3le4LLW",
                "condition": "Pre-Owned",
                "shipping": {
                "raw": "+$12.52 shipping",
                "extracted": 12.52
                },
                "location": "from United Kingdom",
                "extensions": [
                "Buy It Now"
                ],
                "thumbnail": "https://i.ebayimg.com/thumbs/images/g/ftoAAOSwQ3le4LLW/s-l225.jpg"
                },
                {
                "title": "LEGO Movie The Where Are My Pants Guy Minifigure Series 71004",
                "link": "https://www.ebay.com/itm/192454559716?epid=23025785216&_trkparms=ispr%3D1&hash=item2ccf2f87e4:g:rS0AAOSwjNdb~b2h&amdata=enc%3AAQAGAAAA4E2TzoD8bO5obTMSiBdyVO8vouze9K%2FzBxIlH%2BIMHxx2poDzvf5XZqQ%2B4sEhX6td0oIkWr%2FwpFVjQ2aaE%2FRZ5NwWp8qG5FiU47x771FLNk8%2F%2FE8Fmqnygdo6E1JF8iIjiBT94KZXkP02HlCk4ecsFWyIYgnzAUmdXs0RYVK8t3jvmY0qDugBdpCwBPQXioZn4DI85zUF3mclfokakWydVANP59%2FXdjKszIlcH2oCuJ91qffzztuucFSd4P%2F8lVSh3k5IOn95XBdyYr8V5Zbv2SIrlU6whKW7aKCsPwqLcii4%7Ctkp%3ABFBM2sTJi5Fg",
                "condition": "Brand New",
                "reviews": 3,
                "shipping": {
                "raw": "+$6.25 shipping",
                "extracted": 6.25
                },
                "location": "from United Kingdom",
                "extensions": [
                "Buy It Now"
                ],
                "thumbnail": "https://i.ebayimg.com/thumbs/images/g/rS0AAOSwjNdb~b2h/s-l225.jpg"
                },
                {
                "title": "Lego where are my pants? guy lego movie series unopened new factory sealed",
                "link": "https://www.ebay.com/itm/182074865370?epid=23025785216&hash=item2a6481f6da:g:LMsAAOSwLF1X7Od-",
                "condition": "Brand New",
                "reviews": 3,
                "shipping": {
                "raw": "+$12.52 shipping",
                "extracted": 12.52
                },
                "location": "from United Kingdom",
                "extensions": [
                "Buy It Now",
                "Almost gone",
                "48 sold"
                ],
                "thumbnail": "https://i.ebayimg.com/thumbs/images/g/LMsAAOSwLF1X7Od-/s-l225.jpg"
                },
                {
                "title": "The LEGO Movie Series 1 Minifigures",
                "link": "https://www.ebay.com/itm/184341356489?hash=item2aeb99dfc9:g:B20AAOSwVxNf~h3~",
                "condition": "Brand New",
                "shipping": {
                "raw": "+$12.52 shipping",
                "extracted": 12.52
                },
                "location": "from United Kingdom",
                "extensions": [
                "Buy It Now",
                "2+ watchers"
                ],
                "thumbnail": "https://i.ebayimg.com/thumbs/images/g/B20AAOSwVxNf~h3~/s-l225.jpg"
                },
                {
                "title": "The lego movie series 1 minifigures unopened factory sealed pick choose your own",
                "link": "https://www.ebay.com/itm/183662092364?hash=item2ac31d204c:g:FIoAAOSwLOtcUkHA",
                "condition": "Brand New",
                "shipping": {
                "raw": "+$12.52 shipping",
                "extracted": 12.52
                },
                "location": "from United Kingdom",
                "extensions": [
                "Buy It Now",
                "10+ sold"
                ],
                "thumbnail": "https://i.ebayimg.com/thumbs/images/g/FIoAAOSwLOtcUkHA/s-l225.jpg"
                }





    ]
}