{
    "beauty":[
        {
            "imgurl": "https://n.nordstrommedia.com/id/2e890838-7109-4365-90a2-d529fa65f99e.jpeg?h=1224&w=1224",
            "title": "Makeup for Every Shade of Beauty Feat. Nudestix",
            "para":  "Event ends in 4 days, 18 hours, and 57 minutes"
            
            },
            {
                "imgurl": "https://n.nordstrommedia.com/id/85ba66a8-1866-4b26-88b8-13f3d1e832fd.jpeg?h=1224&w=1224",
                "title": "Bath & Body Care from Philosophy Starting at $10",
                "para":  "Event ends in 4 days, 18 hours, and 57 minutes"
                
                },
                {
                    "imgurl": "https://n.nordstrommedia.com/id/6b737c77-dcd5-4a0b-b993-a7798643403b.jpeg?h=1224&w=1224",
                    "title": "Makeup Essentials from MAC & More Up to 50% Off",
                    "para":  "Event ends in 4 days, 18 hours, and 57 minutes"
                    
                    },
                    {
                        "imgurl": "https://n.nordstrommedia.com/id/ce6b4b4a-041d-4bcb-b551-a63964eab2e4.jpeg?h=1224&w=1224",
                        "title": "Summer Ready Curls Feat. Babewaves, Aria & More",
                        "para":  "Event ends in 4 days, 18 hours, and 57 minutes"
                        
                        },
                        {
                            "imgurl": "https://n.nordstrommedia.com/id/0febd6ba-b1da-48a7-a35c-a7c9835fdf7d.jpeg?h=1224&w=1224",
                            "title": "Damaged Hair Care Feat. Frederic Fekkai & It's a 10",
                            "para":  "Event ends in 4 days, 18 hours, and 57 minutes"
                            
                            },
                            {
                                "imgurl": "https://n.nordstrommedia.com/id/9b97114b-263e-4b70-8ad1-cd84750aa553.jpeg?h=1224&w=1224",
                                "title": "Acne Solutions Feat. Clinique & Kate Somerville",
                                "para":  "Event ends in 4 days, 18 hours, and 57 minutes"
                                
                                },
                                {
                                    "imgurl": "https://n.nordstrommedia.com/id/895761ab-f1e4-4df7-97a4-ccaed419152f.jpeg?h=1224&w=1224",
                                    "title": "Salon Haircare Faves Feat. Kerastase & It's a 10",
                                    "para":  "Event ends in 4 days, 18 hours, and 57 minutes"
                                    
                                    },
                                    {
                                        "imgurl": "https://n.nordstrommedia.com/id/d4486008-b4e8-4f44-91a5-a13dd84223bf.jpeg?h=1224&w=1224",
                                        "title": "Achieve the Perfect Manicure with OPI & More",
                                        "para":  "Event ends in 4 days, 18 hours, and 57 minutes"
                                        
                                        }
                                        
                                            

    ]
}