{
    "home":[
        {
            "imgurl": "https://n.nordstrommedia.com/id/27e155ee-87c5-4200-8bac-c5342b8d5b63.jpeg?h=1224&w=1224",
            "title": "Cozy, Comfy Barefoot Dreams Throws & More",
            "para":  "Event ends in 4 days, 19 hours, and 11 minutes"
            
            },
            {
                "imgurl": "https://n.nordstrommedia.com/id/2037e1e7-7ee5-4c1c-95b7-9a347221b7be.jpeg?h=1224&w=1224",
                "title": "bObsweep Vacuums Up to 65% Off",
                "para":  "Event ends in 4 days, 19 hours, and 11 minutes"
                
                },
                {
                    "imgurl": "https://n.nordstrommedia.com/id/848659a5-8ff8-4e4d-b17c-76527b3abc7b.jpeg?h=1224&w=1224",
                    "title": "Cozy Throws & More Feat. Barefoot Dreams",
                    "para":  "Event ends in 4 days, 19 hours, and 11 minutes"
                    
                    },
                    {
                        "imgurl": "https://n.nordstrommedia.com/id/66f47b46-2167-4dca-aa87-86a8d7ee1023.jpeg?h=1224&w=1224",
                        "title": "Beach Towels Up to 40% Off",
                        "para":  "Event ends in 4 days, 19 hours, and 11 minutes"
                        
                        },
                        {
                            "imgurl": "https://n.nordstrommedia.com/id/5e462f1d-515c-4c9a-8096-3e88ea054197.jpeg?h=1224&w=1224",
                            "title": "Kate Spade Decor & Bedding Up to 40% Off",
                            "para":  "Event ends in 4 days, 19 hours, and 11 minutes"
                            
                            },
                            {
                                "imgurl": "https://n.nordstrommedia.com/id/c1261afe-864a-42e6-9443-0268170f9f3d.jpeg?h=1224&w=1224",
                                "title": "Planters For Your New Hobby Up to 45% Off",
                                "para":  "Event ends in 4 days, 19 hours, and 11 minutes"
                                
                                },
                                {
                                    "imgurl": "https://n.nordstrommedia.com/id/fcad1615-6488-4ae8-89cb-1bd780af8897.jpeg?h=1224&w=1224",
                                    "title": "Mother's Day Shun Cutlery Up to 30% Off",
                                    "para":  "Event ends in 4 days, 19 hours, and 11 minutes"
                                    
                                    },
                                    {
                                        "imgurl": "https://n.nordstrommedia.com/id/caa11bf3-5223-4df0-bdb4-7848db325544.jpeg?h=1224&w=1224",
                                        "title": "Pet Accessories Feat. Collars Up to 40% Off",
                                        "para":  "Event ends in 4 days, 19 hours, and 11 minutes"
                                        
                                        },
                                        {
                                            "imgurl": "https://n.nordstrommedia.com/id/1dda28e1-4f70-42de-86b9-2fa655c07932.jpeg?h=1224&w=1224",
                                            "title": "Picks for an Organized Home Up to 40% Off",
                                            "para":  "Event ends in 4 days, 19 hours, and 11 minutes"
                                            
                                            },
                                            

                                            {
                                                "imgurl": "https://n.nordstrommedia.com/id/078e2d10-b13c-4a7d-8975-2814d559222f.jpeg?h=1224&w=1224",
                                                "title": "Improve Your Space with Wall Decals Up to 45% Off",
                                                "para":  "Event ends in 4 days, 19 hours, and 11 minutes"
                                                
                                                },
                                                {
                                                    "imgurl": "https://n.nordstrommedia.com/id/f176be7d-b11b-443b-81b9-e873ef2eeb51.jpeg?h=1224&w=1224",
                                                    "title": "Home Organization Up to 40% Off",
                                                    "para":  "Event ends in 4 days, 19 hours, and 11 minutes"
                                                    
                                                    },
                                                    {
                                                        "imgurl": "https://n.nordstrommedia.com/id/a3ca2c41-9861-436f-8de0-b99149d736d0.jpeg?h=1224&w=1224",
                                                        "title": "Finds for the Kitchen Feat. Bamboo Utensil Sets",
                                                        "para":  "Event ends in 4 days, 19 hours, and 11 minutes"
                                                        
                                                        },
                                                        {
                                                            "imgurl": "https://n.nordstrommedia.com/id/43c0a713-c91e-44be-99f4-5046753cce53.jpeg?h=1224&w=1224",
                                                            "title": "Spring Wall Art Up to 60% Off",
                                                            "para":  "Event ends in 4 days, 19 hours, and 11 minutes"
                                                            
                                                            },
                                                            {
                                                                "imgurl": "https://n.nordstrommedia.com/id/c593119a-4f23-49e9-9d11-97f324cec6cf.jpeg?h=1224&w=1224",
                                                                "title": "Stand Mixers & More Under $60",
                                                                "para":  "Event ends in 4 days, 19 hours, and 11 minutes"
                                                                
                                                                }



    ]
}