{
    "kids":[
        {
            "imgurl": "https://n.nordstrommedia.com/id/2260274e-ba22-46c6-8424-c49a1dc10910.jpeg?h=1224&w=1224",
            "title": "Kids' Must-Have Sandals Up to 50% Off",
            "para":  "Event ends in 2 days, 19 hours, and 21 minutes"
            
            },
            {
                "imgurl": "https://n.nordstrommedia.com/id/92b4744e-a8cd-4adc-9ad2-599862614576.jpeg?h=1224&w=1224",
                "title": "Kids' Basics Starting at $10",
                "para":  "Event ends in 2 days, 19 hours, and 21 minutes"
                
                },
                {
                    "imgurl": "https://n.nordstrommedia.com/id/f2b28a4a-036a-423b-8aea-4c76a1be582c.jpeg?h=1224&w=1224",
                    "title": "Games, Puzzles & More Starting at $15",
                    "para":  "Event ends in 2 days, 19 hours, and 21 minutes"
                    
                    },
                    {
                        "imgurl": "https://n.nordstrommedia.com/id/22c9b083-380d-46d0-a096-bc4818707231.jpeg?h=1224&w=1224",
                        "title": "Beach Party: Kids' Swim & Summer Styles Up to 60% Off",
                        "para":  "Event ends in 2 days, 19 hours, and 21 minutes"
                        
                        },
                        {
                            "imgurl": "https://n.nordstrommedia.com/id/8fa81b30-fcc6-4d16-ab33-0c8273b31303.jpeg?h=1224&w=1224",
                            "title": "Kids' Activewear Under $30",
                            "para":  "Event ends in 2 days, 19 hours, and 21 minutes"
                            
                            },
                            {
                                "imgurl": "https://n.nordstrommedia.com/id/0023aab4-3a74-4137-847d-557c889b8e1c.jpeg?h=1224&w=1224",
                                "title": "Kids' Sets Up to 65% Off",
                                "para":  "Event ends in 2 days, 19 hours, and 21 minutes"
                                
                                },
                                {
                                    "imgurl": "https://n.nordstrommedia.com/id/be6eaef1-dc8d-451a-9365-01019a702814.jpeg?h=1224&w=1224",
                                    "title": "Nursery Essentials Starting at $7.97",
                                    "para":  "Event ends in 2 days, 19 hours, and 21 minutes"
                                    
                                    },
                                    {
                                        "imgurl": "https://n.nordstrommedia.com/id/cb4ab58b-d1cc-4558-b9c9-e98f96f08cdc.jpeg?h=1224&w=1224",
                                        "title": "Carter's Kids' Shoes Under $25",
                                        "para":  "Event ends in 2 days, 19 hours, and 21 minutes"
                                        
                                        },
                                        {
                                            "imgurl": "https://n.nordstrommedia.com/id/ed1fa727-df7a-43b4-b26a-15efd333a0f0.jpeg?h=1224&w=1224",
                                            "title": "Infant Shoes Featuring Freshly Picked",
                                            "para":  "Event ends in 2 days, 19 hours, and 21 minutes"
                                            
                                            }
                                            

    ]
}