{
    "mens":[
        {
            "imgurl": "https://n.nordstrommedia.com/id/f0a066fb-cc3c-4108-b1b4-474b3bca1d55.jpeg?h=1224&w=1224",
            "title": "Men's Must-Have Sandals Up to 60% Off",
            "para":  "Event ends in 2 days, 19 hours, and 39 minutes"
            
            },
           
            {
                "imgurl": "https://n.nordstrommedia.com/id/db094120-eea2-435d-8bf8-0b4993f47cb5.jpeg?h=1224&w=1224",
                "title": "Summer-Ready Shirts for Men from $20",
                "para":  "Event ends in 2 days, 19 hours, and 39 minutes"
                
                },{
                    "imgurl": "https://n.nordstrommedia.com/id/d36febd1-19da-4c20-8809-e4eb6e16c44e.jpeg?h=1224&w=1224",
                    "title": "Men's Hoodies, Shackets & More Up to 65% Off",
                    "para":  "Event ends in 2 days, 19 hours, and 39 minutes"
                    
                    },{
                        "imgurl": "https://n.nordstrommedia.com/id/d36febd1-19da-4c20-8809-e4eb6e16c44e.jpeg?h=1224&w=1224",
                        "title": "Men's Slate & Stone and More Up to 70% Off",
                        "para":  "Event ends in 2 days, 19 hours, and 39 minutes"
                        
                        },{
                            "imgurl": "https://n.nordstrommedia.com/id/4d80dd7b-87a1-4433-ae81-f7a69de8a12a.jpeg?h=1224&w=1224",
                            "title": "Pack Up & Go with TravelPro Luggage & More",
                            "para":  "Event ends in 2 days, 19 hours, and 39 minutes"
                            
                            },{
                                "imgurl": "https://n.nordstrommedia.com/id/6be1c9fa-54cd-42a6-a0e7-672253aa541c.jpeg?h=1224&w=1224",
                                "title": "Men's Sleepwear We Love Up to 60% Off",
                                "para":  "Event ends in 2 days, 19 hours, and 39 minutes"
                                
                                },{
                                    "imgurl": "https://n.nordstrommedia.com/id/a575bcc5-4413-488d-88f4-228956d98326.jpeg?h=1224&w=1224",
                                    "title": "Vintage Foundry Men's Shoes Up to 80% Off",
                                    "para":  "Event ends in 2 days, 19 hours, and 39 minutes"                
                                    },{
                                        "imgurl": "https://n.nordstrommedia.com/id/ba3f422c-222b-4cab-919f-75b0b5db86af.jpeg?h=1224&w=1224",
                                        "title": "Men's Belts We Love feat. Original Penguin",
                                        "para":  "Event ends in 2 days, 19 hours, and 39 minutes"
                                        
                                        },{
                                            "imgurl": "https://n.nordstrommedia.com/id/3db42b63-22e1-4bbb-9a6f-1e8c9918a8bc.jpeg?h=1224&w=1224",
                                            "title": "Beach Party: Men's Summer & Resort Styles Up to 65% Off",
                                            "para":  "Event ends in 2 days, 19 hours, and 39 minutes"
                                            
                                            },{
                                                "imgurl": "https://n.nordstrommedia.com/id/8e173bed-d4d6-4d73-a1c3-d992b164a9e1.jpeg?h=1224&w=1224",
                                                "title": "Beach Party: Men's Surf & Swim Up to 60% Off",
                                                "para":  "Event ends in 2 days, 19 hours, and 39 minutes"
                                                
                                                },{
                                                    "imgurl": "https://n.nordstrommedia.com/id/df425366-eda0-42fd-86d0-ccc33b2fd4a4.jpeg?h=1224&w=1224",
                                                    "title": "Men's Contemporary Brands Up to 65% Off",
                                                    "para":  "Event ends in 2 days, 19 hours, and 39 minutes"
                                                    
                                                    },{
                                                        "imgurl": "https://n.nordstrommedia.com/id/f4555b1e-eeb4-4f3b-8e1a-2eb666c8e194.jpeg?h=1224&w=1224",
                                                        "title": "Casual Summer Looks for Men Up to 65% Off",
                                                        "para":  "Event ends in 2 days, 19 hours, and 39 minutes"
                                                        
                                                        },{
                                                            "imgurl": "https://n.nordstrommedia.com/id/62ba14dd-b520-4936-9f43-717333c8bad8.jpeg?h=1224&w=1224",
                                                            "title": "Gym-Ready Men's Styles Up to 60% Off",
                                                            "para":  "Event ends in 2 days, 19 hours, and 39 minutes"
                                                            
                                                            },{
                                                                "imgurl": "https://n.nordstrommedia.com/id/f80ac33a-bd6e-450a-a174-60e142895774.jpeg?h=1224&w=1224",
                                                                "title": "Men's Comfort Shoes Up to 50% Off Feat. Florsheim",
                                                                "para":  "Event ends in 2 days, 19 hours, and 39 minutes"
                                                                
                                                                },{
                                                                    "imgurl": "https://n.nordstrommedia.com/id/757ef19f-dcf6-44d2-8571-a2d2b932777f.jpeg?h=1224&w=1224",
                                                                    "title": "Men's Sneakers Blowout Up to 60% Off",
                                                                    "para":  "Event ends in 2 days, 19 hours, and 39 minutes"
                                                                    
                                                                    },{
                                                                        "imgurl": "https://n.nordstrommedia.com/id/4eb4474b-2220-47ac-80f0-fca616c022f1.jpeg?h=1224&w=1224",
                                                                        "title": "Men's Best-Selling Boots Up to 60% Off",
                                                                        "para":  "Event ends in 2 days, 19 hours, and 39 minutes"
                                                                        
                                                                        }
    ]
}