{
    "womensData":[
        {
            "imgurl": "https://n.nordstrommedia.com/id/c8efc930-e9b8-4312-8b5d-86af02e541a4.jpeg?h=1224&w=1224",
            "title": "Women's Must-Have Bright & Bold Sandals",
            "para":  "Event ends in 2 days, 20 hours, and 3 minutes"
            
            },
           
            {
                "imgurl": "https://n.nordstrommedia.com/id/edb90765-1ed0-4d21-b4ce-729ad2e3cc95.jpeg?h=1224&w=1224",
                "title": "Women's Must-Have Sultry & Strappy Sandals",
                "para":  "Event ends in 2 days, 20 hours, and 3 minutes"
                
                },{
                    "imgurl": "https://n.nordstrommedia.com/id/d3c11369-a106-41df-b6b8-1c13284f34d0.jpeg?h=1224&w=1224",
                    "title": "Women's Must-Have Flat & Comfort Sandals",
                    "para":  "Event ends in 2 days, 20 hours, and 3 minutes"
                    
                    },{
                        "imgurl": "https://n.nordstrommedia.com/id/bca338f2-564d-4b9a-ad67-292d65d3cca1.jpeg?h=1224&w=1224",
                        "title": "Wedding Shower Dresses from $20",
                        "para":  "Event ends in 2 days, 20 hours, and 3 minutes"
                        
                        },{
                            "imgurl": "https://n.nordstrommedia.com/id/ce92c91f-d7f8-418e-8f24-729ddce4cd97.jpeg?h=1224&w=1224",
                            "title": "Our Favorite Intimates & Sleepwear Under $30",
                            "para":  "Event ends in 2 days, 20 hours, and 3 minutes"
                            
                            },{
                                "imgurl": "https://n.nordstrommedia.com/id/8c7f3780-ddc8-4cd8-aeb7-3d8219e5abe8.jpeg?h=1224&w=1224",
                                "title": "Gym-Ready Women's Styles Up to 60% Off",
                                "para":  "Event ends in 2 days, 20 hours, and 3 minutes"
                                
                                },{
                                    "imgurl": "https://n.nordstrommedia.com/id/a390e36f-b3b4-4526-8c7c-1c2a59ea5d3e.jpeg?h=1224&w=1224",
                                    "title": "Must-Have Tops Feat. WAYF Up to 60% Off",
                                    "para":  "Event ends in 2 days, 20 hours, and 3 minutes"                
                                    },{
                                        "imgurl": "https://n.nordstrommedia.com/id/f496feb9-40b0-49d0-b30a-6c1096c774dc.jpeg?h=1224&w=1224",
                                        "title": "Beach Party: Women's Swimwear, Cover-Ups & More Up to 60% Off",
                                        "para":  "Event ends in 2 days, 20 hours, and 3 minutes"
                                        
                                        },{
                                            "imgurl": "https://n.nordstrommedia.com/id/62879db6-6b57-471e-8049-223b22a74bc3.jpeg?h=1224&w=1224",
                                            "title": "Beach Party: Women's Summer & Resort Styles Up to 65% Off",
                                            "para":  "Event ends in 2 days, 20 hours, and 3 minutes"
                                            
                                            },{
                                                "imgurl": "https://n.nordstrommedia.com/id/07fb1dd6-a9c8-4625-bd23-e3ccf694abe8.jpeg?h=1224&w=1224",
                                                "title": "Beach Party: Women's Surf Gear, Rashguards & More Up to 65% Off",
                                                "para":  "Event ends in 2 days, 20 hours, and 3 minutes"
                                                
                                                },{
                                                    "imgurl": "https://n.nordstrommedia.com/id/c67cb974-97c8-491a-843e-8ef57eca8d56.jpeg?h=1224&w=1224",
                                                    "title": "Free People Starting at $30",
                                                    "para":  "Event ends in 2 days, 20 hours, and 3 minutes"
                                                    
                                                    },{
                                                        "imgurl": "https://n.nordstrommedia.com/id/90724996-429d-44df-a80a-cd6615f99349.jpeg?h=1224&w=1224",
                                                        "title": "Knits Under $20 Including Plus",
                                                        "para":  "Event ends in 2 days, 20 hours, and 3 minutes"
                                                        
                                                        },{
                                                            "imgurl": "https://n.nordstrommedia.com/id/40e9c2d3-565d-4bc9-a398-b15ca27a5bf7.jpeg?h=1224&w=1224",
                                                            "title": "Alexia Admor Up to 65% Off Including Plus",
                                                            "para":  "Event ends in 2 days, 20 hours, and 3 minutes"
                                                            
                                                            },{
                                                                "imgurl": "https://n.nordstrommedia.com/id/eb969ca0-8ea1-4d40-b012-e4639ddf00a0.jpeg?h=1224&w=1224",
                                                                "title": "Night Out Dresses & Heels Up to 60%",
                                                                "para":  "Event ends in 2 days, 20 hours, and 3 minutes"
                                                                
                                                                },{
                                                                    "imgurl": "https://n.nordstrommedia.com/id/040c3305-06d0-4b85-ab40-64af7e43260a.jpeg?h=1224&w=1224",
                                                                    "title": "Casual Summer Dresses Up to 70% Off",
                                                                    "para":  "Event ends in 2 days, 20 hours, and 3 minutes"
                                                                    
                                                                    },{
                                                                        "imgurl": "https://n.nordstrommedia.com/id/9099e973-6bcc-45b2-a82a-574ab1448ab8.jpeg?h=1224&w=1224",
                                                                        "title": "Summer Shorts from $19.97 including Plus",
                                                                        "para":  "Event ends in 2 days, 20 hours, and 3 minutes"
                                                                        
                                                                        },{
                                                                            "imgurl": "https://n.nordstrommedia.com/id/0cafb7ad-a006-4bc0-96e1-0fa3922c4dc2.jpeg?h=1224&w=1224",
                                                                            "title": "Loungewear Faves Under $35",
                                                                            "para":  "Event ends in 2 days, 20 hours, and 3 minutes"
                                                                            
                                                                            },{
                                                                                "imgurl": "https://n.nordstrommedia.com/id/a0d2535d-45f1-43be-b751-8afb60bfd26b.jpeg?h=1224&w=1224",
                                                                                "title": "ONE ONE SIX & More Up to 60% Off",
                                                                                "para":  "Event ends in 2 days, 20 hours, and 3 minutes"
                                                                                
                                                                                },{
                                                                                    "imgurl": "https://n.nordstrommedia.com/id/ea1ffdfc-280e-4ba4-b027-1f1744becc02.jpeg?h=1224&w=1224",
                                                                                    "title": "ONE ONE SIX & More Up to 60% Off",
                                                                                    "para":  "Event ends in 2 days, 20 hours, and 3 minutes"
                                                                                    
                                                                                    },{
                                                                                        "imgurl": "https://n.nordstrommedia.com/id/ea1ffdfc-280e-4ba4-b027-1f1744becc02.jpeg?h=1224&w=1224",
                                                                                        "title": "Sneakers Under $60 Feat. Calvin Klein",
                                                                                        "para":  "Event ends in 2 days, 20 hours, and 3 minutes"
                                                                                        
                                                                                        },{
                                                                                            "imgurl": "https://n.nordstrommedia.com/id/1d56a433-5f0b-4dfc-9fc0-17b60c63e032.jpeg?h=1224&w=1224",
                                                                                            "title": "Women's Sneaker Blowout Up to 70% Off",
                                                                                            "para":  "Event ends in 2 days, 20 hours, and 3 minutes"
                                                                                            
                                                                                            },{
                                                                                                "imgurl": "https://n.nordstrommedia.com/id/52379371-279d-4953-b331-2d63571251e8.jpeg?h=1224&w=1224",
                                                                                                "title": "Dual Nature & More from $39.97",
                                                                                                "para":  "Event ends in 2 days, 20 hours, and 3 minutes"
                                                                                                
                                                                                                },{
                                                                                                    "imgurl": "https://n.nordstrommedia.com/id/45cd32cc-3b1d-4078-9a97-548198b60459.jpeg?h=1224&w=1224",
                                                                                                    "title": "Contemporary Brands Up to 60%",
                                                                                                    "para":  "Event ends in 2 days, 20 hours, and 3 minutes"
                                                                                                    
                                                                                                    },{
                                                                                                        "imgurl": "https://n.nordstrommedia.com/id/851bf19e-6f8f-4991-b720-d86b18c47cae.jpeg?h=1224&w=1224",
                                                                                                        "title": "Elodie & More Under $45",
                                                                                                        "para":  "Event ends in 2 days, 20 hours, and 3 minutes"
                                                                                                        
                                                                                                        },{
                                                                                                            "imgurl": "https://n.nordstrommedia.com/id/3aa4702c-62eb-448d-a156-f581984ad798.jpeg?h=1224&w=1224",
                                                                                                            "title": "Best-Selling Boots For Spring Up to 60% Off",
                                                                                                            "para":  "Event ends in 2 days, 20 hours, and 3 minutes"
                                                                                                            
                                                                                                            },{
                                                                                                                "imgurl": "https://n.nordstrommedia.com/id/523b9be8-c25f-4e33-8aee-8259a155bbe9.jpeg?h=1224&w=1224",
                                                                                                                "title": "Boxed Jewelry & More for Mom Under $35",
                                                                                                                "para":  "Event ends in 2 days, 20 hours, and 3 minutes"
                                                                                                                
                                                                                                                },{
                                                                                                                    "imgurl": "https://n.nordstrommedia.com/id/8b0370da-5de2-41ca-bbbf-2ecdb8d95936.jpeg?h=1224&w=1224",
                                                                                                                    "title": "Carriere Jewelry Up to 50% Off",
                                                                                                                    "para":  "Event ends in 2 days, 20 hours, and 3 minutes"
                                                                                                                    
                                                                                                                
                                                                                                                },



                                                                                                                {
                                                                                                                    "imgurl": "https://n.nordstrommedia.com/id/dc8a1c30-d74d-40d9-9c90-ddb41f4584e5.jpeg?h=1224&w=1224",
                                                                                                                    "title": "Give Mom Pearls from Splendid Pearls & Simona",
                                                                                                                    "para":  "Event ends in 2 days, 20 hours, and 3 minutes"
                                                                                                                    
                                                                                                                    },
                                                                                                                    {
                                                                                                                        "imgurl": "https://n.nordstrommedia.com/id/947f4bc1-a00c-4cc5-a7a5-94a1b83a4dcd.jpeg?h=1224&w=1224",
                                                                                                                        "title": "Grab and Go Travel Tech",
                                                                                                                        "para":  "Event ends in 2 days, 20 hours, and 3 minutes"
                                                                                                                        
                                                                                                                        }
    ]
}